Month,CPI_SA,Core_SA,Services_SA,PPI_SA,CoreGoods_SA,PPI_Mfg_SA,USDTRY,EURTRY
2003-01-01,94.49601848,95.15414773,93.00348519,94.31848123,96.11636436,98.21765371,1.65982884,1.7605443181818183
2003-02-01,95.97186699,96.62612141,94.21849182,97.28286696,97.31112816,100.0746516,1.62714547,1.75414719
2003-03-01,97.55162795,97.81686447,95.56477275,100.4002977,98.31123854,101.8586312,1.6593788809523808,1.792434880952381
2003-04-01,98.42370216,98.5854923,96.82034906,102.1678989,99.07887541,100.4892873,1.6311205952380954,1.76799550
2003-05-01,99.29437811,99.13700606,98.1078056,101.5336582,99.12569637,98.35102555,1.4939715714285713,1.7200263095238095
2003-06-01,100.1515011,99.72027069,99.47958399,99.57854242,99.42264932,98.18861441,1.4225219999999998,1.6629390238095239
2003-07-01,100.7114184,100.4698277,100.6528832,99.04495299,100.4602894,98.46981393,1.4004771739130435,1.5937992608695652
2003-08-01,101.3449863,101.4197467,101.9020538,98.85054444,101.2080202,99.36236166,1.4004718571428572,1.5639036666666666
2003-09-01,102.3549213,102.2645332,103.307346,98.90431702,102.0386465,98.93962561,1.3756549090909092,1.5391658863636364
2003-10-01,102.414499,102.4563714,104.4428672,99.45720942,101.7945083,100.7101981,1.4246985681818183,1.6679367045454545
2003-11-01,103.1097362,102.7364549,105.59389,101.1503563,101.9959379,102.6902014,1.4760050294117648,1.7213085000000001
2003-12-01,103.9209914,103.3544466,106.7729089,101.7832181,102.4386186,102.6479356,1.432562695652174,1.7571236739130436
2004-01-01,104.468654,104.2253117,107.9591699,104.4635743,103.1800342,104.4781891,1.34666050,1.7003078095238096
2004-02-01,105.1104785,105.099012,109.4226356,106.1746454,103.6081963,104.3314414,1.3270221470588235,1.6813947352941176
2004-03-01,105.8931961,105.5754641,110.4926807,108.4027604,103.6549237,105.2685457,1.3190309347826086,1.6193532391304348
2004-04-01,106.2894726,105.8892679,111.7214811,111.2747676,102.937294,106.8407391,1.35462400,1.6273943571428573
2004-05-01,106.6425345,106.5156715,112.8401841,111.2375404,102.82174,112.5240622,1.50496275,1.80589073
2004-06-01,107.3213756,107.4909753,113.8417024,110.0641952,103.2296402,114.1572661,1.4923354090909091,1.8121125227272727
2004-07-01,108.5952176,108.7270397,115.1463952,108.3944877,103.8655863,114.5766803,1.4517315909090909,1.7817059999999998
2004-08-01,109.870884,109.8938713,116.4987447,109.247955,104.3732834,116.7718088,1.4709055714285713,1.7923604761904763
2004-09-01,110.5852384,110.8730978,117.6219376,111.2637373,104.8288184,117.8291621,1.5019567045454545,1.8330127272727272
2004-10-01,111.9264939,112.0062078,118.9159773,114.854091,105.7601828,121.5481967,1.48836133,1.85458753
2004-11-01,112.770703,113.0587912,120.1626773,115.7172099,106.8695303,120.5364527,1.44890915,1.8780624000000001
2004-12-01,113.5452261,113.8793746,121.4230224,115.8702549,107.3616495,118.7549729,1.3967016304347828,1.870422739130435
2005-01-01,114.0376415,114.5232773,122.9276908,114.8309275,107.8052151,117.5,1.353292105263158,1.7830289473684213
2005-02-01,114.2525466,115.0154691,123.9348509,114.8051442,107.986308,117.66,1.31331500,1.70808500
2005-03-01,114.4391605,115.7437017,125.2746674,117.2462814,108.0942636,119.48,1.3081043478260868,1.726054347826087
2005-04-01,115.045102,116.6081277,126.3564754,119.615446,108.9375398,121.81,1.3567761904761904,1.7562380952380954
2005-05-01,115.9466166,117.2838293,127.548804,119.2322819,109.6570847,121.3,1.3683380952380952,1.741754761904762
2005-06-01,116.9102677,117.8053706,128.8702808,119.6391611,109.978982,121.81,1.3579500000000002,1.654090909090909
2005-07-01,117.0881129,118.0469235,130.1226775,119.3345877,109.0101955,121.37,1.3359404761904763,1.608911904761905
2005-08-01,118.5709727,118.5884676,131.2428545,121.4006956,108.8986258,123.17,1.3398522727272728,1.6475068181818182
2005-09-01,119.4615357,119.3793652,132.1917227,123.4044825,108.5204108,125.07,1.3374227272727273,1.6403977272727275
2005-10-01,120.326604,120.063532,133.4476841,124.2161727,108.9277474,125.55,1.354454761904762,1.6281428571428571
2005-11-01,121.3211654,120.5899682,134.7836545,121.4046941,109.0182534,123.21,1.35694500,1.5993499999999998
2005-12-01,122.3262575,121.4598507,135.9238709,121.1363827,109.7168036,122.5,1.3489568181818181,1.599959090909091
2006-01-01,123.0911658,122.2496018,136.8969381,123.513548,109.7989517,123.69,1.3311388888888889,1.6105694444444443
2006-02-01,123.5719975,122.5609462,138.1554986,123.8305034,108.9371571,123.81,1.3233475000000001,1.58236500
2006-03-01,123.8497582,122.938013,139.3373771,124.1375539,108.4743614,124.4,1.3319326086956522,1.6000282608695653
2006-04-01,125.1924724,124.0801439,140.8227378,126.5444338,109.0669297,126.84,1.33413250,1.6327974999999997
2006-05-01,127.3014739,125.7535611,142.4127685,130.0507527,110.0427397,130.64,1.4172568181818181,1.8078113636363637
2006-06-01,128.7596248,127.4553918,143.6312188,135.2805164,111.1318513,137.66,1.5966954545454546,2.0227772727272724
2006-07-01,130.6372481,128.9549321,145.0310821,136.4492893,112.375086,139.73,1.5545238095238094,1.9719190476190476
2006-08-01,130.8343316,129.9139041,146.5345404,135.4290892,113.0018706,138.76,1.4657181818181817,1.8774613636363635
2006-09-01,132.08586,130.717933,148.2032151,135.1121338,114.1248239,138.11,1.4756976190476192,1.880642857142857
2006-10-01,132.3454086,131.5046448,149.4217842,135.7262349,114.9498516,138.02,1.479807894736842,1.8678657894736843
2006-11-01,133.275457,132.2308319,150.5544334,135.3300406,115.0021904,137.52,1.4545227272727272,1.8708727272727272
2006-12-01,134.2023425,132.8838906,151.9580863,135.1616581,114.9288248,137.6,1.4298357142857143,1.8888309523809523
2007-01-01,135.3139654,133.2821304,153.2678589,135.0923241,114.9504808,136.8,1.42323000,1.84846750
2007-02-01,136.0960595,134.1087882,154.5285958,136.3700505,115.5637059,137.7,1.39359250,1.8199075000000002
2007-03-01,137.2333864,135.1770552,155.6487669,137.6973011,116.5015468,139.06,1.40625000,1.8611659090909092
2007-04-01,138.4756611,136.0758629,156.691284,138.7967401,116.7740785,140.45,1.35854500,1.83217750
2007-05-01,139.0464099,136.799968,157.5220932,139.3415071,116.7590666,140.64,1.3350695652173914,1.8056673913043477
2007-06-01,139.7974626,137.1858777,158.7943251,139.1929343,116.6178753,140.3,1.3183714285714285,1.76835000
2007-07-01,139.7168643,137.2241473,159.7073864,139.282078,116.308899,139.92,1.2790522727272728,1.7528454545454544
2007-08-01,140.537115,137.6033153,160.3882433,140.4706607,116.0606029,140.76,1.3114386363636363,1.7860386363636365
2007-09-01,141.660787,138.411829,161.290514,141.8969598,116.0632043,141.66,1.26434500,1.7529474999999999
2007-10-01,142.511951,139.5078952,162.7609286,141.7087676,115.6923999,141.81,1.1994785714285716,1.7037404761904762
2007-11-01,144.4915511,141.484988,164.1386191,142.9765891,115.9353392,143.38,1.1876045454545454,1.7414727272727273
2007-12-01,145.5216507,143.0025755,165.4693105,143.1944959,116.2922919,143.48,1.1757947368421053,1.713428947368421
2008-01-01,146.4225537,144.1264355,166.8307326,143.7986921,115.8365171,143.49,1.1732613636363638,1.72480000
2008-02-01,148.4135785,145.4267675,168.2392083,147.4832983,116.0992876,145.84,1.191038095238095,1.7544380952380951
2008-03-01,149.7143282,147.5332132,169.9209253,152.1583901,117.3301807,151.66,1.235354761904762,1.9142238095238095
2008-04-01,151.79613,150.0958022,171.4924602,159.0026453,118.4615772,159.12,1.299842857142857,2.049054761904762
2008-05-01,153.9746457,152.3085524,173.1699673,162.3702962,119.5246327,162.1,1.250002380952381,1.9449952380952382
2008-06-01,154.7691694,154.1652598,174.5540459,162.8952535,119.7590547,164.42,1.2307619047619047,1.9126166666666666
2008-07-01,156.5463471,155.814879,176.0117521,164.9257489,119.2535593,166.13,1.2128695652173913,1.9143021739130435
2008-08-01,157.0591226,156.5740639,177.5675385,161.0727601,119.5004641,160.92,1.175497619047619,1.7653500000000002
2008-09-01,157.5194957,157.2177556,178.9583855,159.6266512,119.8660168,159.62,1.2326071428571428,1.7735452380952381
2008-10-01,159.3832998,158.3275637,179.8728178,160.5378979,119.9489886,159.54,1.4768150000000002,1.96740250
2008-11-01,160.0471663,158.861021,181.0881926,160.4883736,120.270219,158.65,1.5916774999999999,2.02631000
2008-12-01,160.1723095,158.7769469,182.0466669,154.8029866,120.3653789,152.6,1.5425184210526317,2.0915421052631578
2009-01-01,160.1855513,158.9526631,182.8277681,155.1595614,121.0232484,152.55,1.592890476190476,2.1200047619047617
2009-02-01,159.8301348,159.0712325,183.4244966,156.9721499,121.3553812,153.06,1.6563474999999999,2.1207200000000004
2009-03-01,161.3297064,158.6580449,184.0600309,157.4277733,120.2975683,153.37,1.70865000,2.224065909090909
2009-04-01,161.0749598,158.119702,184.9603939,158.4479734,119.4128761,154.1,1.6080238095238095,2.1220785714285713
2009-05-01,162.2327724,158.2744161,185.61643,158.3687345,119.6150735,153.99,1.555507894736842,2.1166763157894737
2009-06-01,163.8302935,159.1540327,186.4798628,159.8643677,120.0401113,156.28,1.5434999999999999,2.1635886363636363
2009-07-01,165.1963787,160.0261101,187.2874948,158.7352142,121.2283072,155.69,1.517341304347826,2.136863043478261
2009-08-01,165.5202863,160.8650235,188.1330195,159.3988395,121.6241885,157.1,1.4827880952380952,2.1135166666666665
2009-09-01,165.8939251,161.735362,189.1008209,160.3794202,121.8366443,158.12,1.4888124999999999,2.1627850000000004
2009-10-01,167.4233996,163.0693058,190.1451778,160.8350436,123.3398871,158.38,1.4656571428571428,2.1719190476190473
2009-11-01,168.9780401,164.005374,190.682009,162.9150632,123.6850313,160.08,1.4835973684210526,2.2108184210526316
2009-12-01,170.6505873,164.795975,191.354381,163.9847876,123.6566352,160.53,1.5031282608695653,2.1995826086956525
2010-01-01,173.2016822,165.8782379,192.2130062,164.9356537,123.8996712,160.88,1.4698600000000002,2.10232750
2010-02-01,175.7278122,166.906141,193.2773913,167.6792987,123.8580856,161.51,1.50919500,2.0689124999999997
2010-03-01,176.6552205,167.800306,195.8192786,170.9379962,124.3840499,164.6,1.531995652173913,2.080515217391304
2010-04-01,177.2549999,168.291346,195.7691792,174.9593675,124.7328574,166.11,1.4914595238095238,2.004190476190476
2010-05-01,177.1265564,168.8983556,196.1152407,172.9486818,125.0802381,165.59,1.5385075000000001,1.9441899999999999
2010-06-01,177.6647542,169.3198219,196.3347625,172.0770545,125.2348097,164.77,1.5740750000000001,1.9226795454545456
2010-07-01,177.8938861,169.6347518,196.8132039,171.8096234,125.6639502,165.11,1.5400227272727274,1.960818181818182
2010-08-01,179.303841,169.8453004,197.290518,173.7905945,125.7473981,165.48,1.5052523809523808,1.9465214285714285
2010-09-01,181.1460067,169.9786177,197.5062071,174.6721267,125.7758464,166.4,1.49251000,1.94848500
2010-10-01,181.7328662,170.1103128,197.9882849,176.7818609,125.453103,166.54,1.42188000,1.97492000
2010-11-01,181.3618595,171.1243457,198.942645,176.227189,125.6430616,167.87,1.4329749999999999,1.9673777777777777
2010-12-01,181.55739,172.7311498,200.0793192,178.5350203,126.2967533,171.16,1.516795652173913,2.0041086956521736
2011-01-01,181.6450265,173.7963359,200.9656034,182.7544888,126.734993,175.19,1.5575642857142857,2.0788142857142855
2011-02-01,182.9854118,174.9685323,201.8455678,185.9042328,127.978116,179.25,1.5866500000000001,2.16486500
2011-03-01,183.732911,176.2962736,202.9367054,188.1724447,129.0536997,181.9,1.5784673913043479,2.20790000
2011-04-01,184.7766932,177.5560838,203.754154,189.321408,130.1062264,182.14,1.5192785714285715,2.1921738095238092
2011-05-01,189.9355007,179.0083787,204.6840561,189.6086488,131.2771124,184.25,1.5679309523809524,2.254307142857143
2011-06-01,188.9138883,180.1743273,205.8586874,189.6185536,132.3288797,185.5,1.5978568181818182,2.2989318181818184
2011-07-01,189.2381021,181.3314778,207.0087198,189.5690293,132.7795464,187.98,1.6506857142857143,2.3585119047619045
2011-08-01,191.166726,182.9613067,208.1460834,192.9069656,134.2261959,191.72,1.748442857142857,2.5058309523809523
2011-09-01,192.3129768,184.545794,209.4970185,195.8883272,135.4027685,194.73,1.7908309523809525,2.4695428571428573
2011-10-01,195.5984561,186.1453231,210.6356055,199.0281663,136.6512777,196.4,1.8314880952380952,2.5050285714285714
2011-11-01,198.6773169,187.6193424,211.7817087,200.3157976,138.0675634,195.41,1.8081236842105264,2.4527763157894737
2011-12-01,200.5725755,188.9107403,212.7273737,202.3264832,139.0213509,196.13,1.8633363636363638,2.4581022727272726
2012-01-01,200.7969731,190.2586605,213.8980904,203.099062,139.9989183,196.35,1.84337500,2.378047727272727
2012-02-01,202.0407246,191.4574954,215.0008391,202.9108697,140.5748739,196.35,1.7553119047619048,2.3201857142857145
2012-03-01,202.9131722,193.084757,216.1325398,203.643829,141.2268405,198.22,1.7835886363636364,2.3561022727272727
2012-04-01,205.246849,195.0958186,217.6465926,203.8122116,142.3104113,198.57,1.78413000,2.34887500
2012-05-01,205.6624808,195.7796696,218.9091113,204.8918408,142.3677747,198.05,1.801290909090909,2.3107931818181817
2012-06-01,205.5214258,196.0668621,219.987496,201.8312405,143.1256352,196.57,1.8204523809523812,2.280138095238095
2012-07-01,206.1267055,196.661873,221.1973889,201.1973297,143.5515053,196.37,1.8092386363636364,2.2275659090909095
2012-08-01,207.9844475,197.8512442,222.4168106,201.7123822,144.1228007,197.12,1.79014000,2.21661000
2012-09-01,209.8517732,199.3946441,223.7416534,203.7924018,144.1386655,198.97,1.7999524999999998,2.31067000
2012-10-01,210.9813098,201.1639874,225.3376832,204.1489766,143.8391076,199.7,1.79846000,2.33386500
2012-11-01,211.6908929,202.4826736,226.6327506,207.5364372,144.646921,198.61,1.78975000,2.2964659090909088
2012-12-01,213.304724,203.5572129,228.0434129,207.2888158,145.6410799,198.63,1.7833833333333335,2.3388714285714283
2013-01-01,215.4748243,204.3239315,229.4717559,206.9124313,146.1157523,199.21,1.7681136363636365,2.347009090909091
2013-02-01,216.4820518,205.2181363,230.780007,206.6450002,146.6865385,200.54,1.77298000,2.37298250
2013-03-01,217.7541404,205.9476898,232.150309,208.3288257,146.9424635,202.34,1.8088261904761902,2.3469261904761907
2013-04-01,217.9052258,206.5162722,233.5888199,207.2690061,147.1920831,202.09,1.7980809523809524,2.3376238095238095
2013-05-01,219.0368447,207.4635399,235.2660055,209.3391209,147.6638514,201.95,1.8244136363636363,2.3687636363636364
2013-06-01,222.273151,208.9147016,237.1591802,212.3898164,148.2358994,204.13,1.8962124999999999,2.50090250
2013-07-01,223.9661083,210.5466925,238.5595536,214.4995506,149.732209,206.5,1.9322239130434782,2.5262304347826086
2013-08-01,224.6268581,212.0319971,240.0551524,214.5886943,150.8905743,209.13,1.9564631578947371,2.604178947368421
2013-09-01,226.1902662,213.4618012,241.6404616,216.4805217,152.4344362,212.23,2.0189666666666666,2.6926071428571428
2013-10-01,227.328749,214.1640046,242.9978619,217.9662501,153.8186939,212.05,1.9920999999999998,2.7156222222222226
2013-11-01,227.5342535,215.18451,244.8491609,219.3133104,154.2080893,213.66,2.0235738095238096,2.731554761904762
2013-12-01,229.4717923,217.0235791,246.6395952,221.74,155.1767997,215.42,2.059686363636364,2.82055000
2014-01-01,232.3244711,218.9811658,248.2425769,229.1,156.7593984,222.5,2.2188409090909094,3.0242522727272725
2014-02-01,233.7851265,221.2986227,250.1777296,232.27,159.0757837,226.64,2.2147525000000003,3.0221324999999997
2014-03-01,236.1977763,223.4657036,252.0868924,233.98,161.398416,228.97,2.219790476190476,3.0685357142857144
2014-04-01,238.4042913,225.0418587,253.7188101,234.18,163.0979719,229.39,2.129383333333333,2.940895238095238
2014-05-01,240.0905397,226.3584781,255.3045834,232.96,164.0782647,228.92,2.0926850000000004,2.87706500
2014-06-01,242.4328508,227.9794488,256.9164281,233.09,164.9510231,229.22,2.117630952380952,2.878342857142857
2014-07-01,244.4241916,229.846869,259.1501611,234.79,166.0238877,230.76,2.1205825000000003,2.87901750
2014-08-01,245.6423511,230.8064721,261.048779,235.78,166.4928019,232.12,2.160216666666667,2.8794452380952382
2014-09-01,246.0524242,231.5148277,262.9287526,237.79,166.8207071,234.21,2.205568181818182,2.852706818181818
2014-10-01,247.7790201,232.8528551,264.8123996,239.97,167.3048155,235.04,2.26034750,2.86674750
2014-11-01,248.5013482,233.6297177,266.3907144,237.65,168.3003835,233.06,2.2355875000000003,2.78969250
2014-12-01,248.3976375,233.921599,268.0862976,235.84,168.6704179,231.85,2.2897239130434786,2.824241304347826
2015-01-01,249.2406408,234.6542442,269.8769441,236.61,169.8836436,232.28,2.3304404761904762,2.718661904761905
2015-02-01,251.5375874,236.0470124,271.7679282,239.46,170.0257442,235.65,2.45743250,2.79239250
2015-03-01,254.4058427,237.9412479,273.731857,241.97,170.8272779,237.96,2.5861704545454547,2.80717500
2015-04-01,257.4444494,240.2604541,275.801517,245.42,171.9573714,241.46,2.650535714285714,2.8559714285714284
2015-05-01,259.518008,242.7348207,277.8251016,248.15,174.3436118,245.16,2.6485236842105264,2.957771052631579
2015-06-01,259.8934085,244.2344139,279.9720322,248.78,175.3633949,246.16,2.7035886363636363,3.0294568181818184
2015-07-01,260.8496557,245.3309707,281.5209274,247.99,176.7346316,245.34,2.697029545454545,2.9736590909090905
2015-08-01,262.993553,246.5901721,283.7903138,250.43,177.8740975,247.57,2.848119047619048,3.1700690476190476
2015-09-01,265.4342771,248.3216677,285.6738857,254.25,180.2230762,251.39,3.00541750,3.37794250
2015-10-01,266.7331563,250.2170511,287.9007127,253.74,182.3025984,250.46,2.9322166666666662,3.3015785714285713
2015-11-01,268.6695181,251.8104935,289.89706,250.13,183.9365268,247.3,2.8738785714285715,3.0922095238095237
2015-12-01,270.2399008,253.3539128,291.8168727,249.31,185.0787683,246.64,2.9198565217391304,3.1725434782608692
2016-01-01,272.9281286,254.8047155,293.9166603,250.67,186.2919868,248.01,3.0096575000000003,3.2698625000000003
2016-02-01,273.5864615,256.0239365,295.8367657,250.16,186.9612864,248.37,2.943309523809524,3.2657357142857144
2016-03-01,273.5019318,257.5480663,297.5945246,251.17,187.5522929,249.93,2.894341304347826,3.2092347826086955
2016-04-01,274.5226946,259.620707,299.4683778,252.47,189.155401,251.38,2.8372928571428573,3.2163071428571426
2016-05-01,276.7115327,261.7033319,301.4184673,256.21,190.255245,256.07,2.9292261904761903,3.3177190476190472
2016-06-01,279.8122944,263.2581583,303.1864529,257.27,191.8742997,256.81,2.9196113636363634,3.280313636363637
2016-07-01,283.621343,264.5899776,305.3550927,257.81,192.8264032,257.21,2.9602166666666667,3.273913888888889
2016-08-01,284.0244597,265.2984706,307.245691,258.01,193.4223394,258.18,2.9655318181818178,3.323740909090909
2016-09-01,284.7074952,266.0187231,309.339091,258.77,193.0737495,258.98,2.962761111111111,3.319497222222222
2016-10-01,285.9183658,267.1372484,311.2554308,260.94,193.7211983,261.4,3.0707166666666668,3.3896928571428573
2016-11-01,287.626586,269.3337548,313.6623028,266.16,195.0843871,267.69,3.2703863636363635,3.5375704545454547
2016-12-01,293.1950397,272.7337899,316.0226939,274.09,197.4422734,276.42,3.49207500,3.6845954545454545
2017-01-01,298.1024262,276.3628433,318.5352277,284.99,199.64036,287.12,3.73825000,3.9690590909090906
2017-02-01,301.3346442,279.8541072,320.8473185,288.59,203.0763457,291.03,3.67567250,3.91451250
2017-03-01,304.4727926,282.6941116,323.4782246,291.58,206.654732,294.95,3.669245652173913,3.91930000
2017-04-01,307.2823305,284.9030045,326.1167691,293.79,208.1447869,297.31,3.65711750,3.91362750
2017-05-01,309.265627,286.2710812,328.5349321,295.31,209.7896077,299.01,3.5670666666666664,3.9359261904761906
2017-06-01,310.2670092,287.2445751,330.2731034,295.52,210.5880674,299.17,3.52216500,3.95221750
2017-07-01,311.3426858,289.5044516,332.9446463,297.65,212.9009231,301.89,3.56307381,4.095114285714286
2017-08-01,314.0003156,292.0562304,335.2136306,300.18,214.8516672,304.49,3.5156386363636365,4.1473522727272725
2017-09-01,316.2616081,294.4925226,337.6922217,300.9,216.6617778,305.55,3.471171052631579,4.1414210526315784
2017-10-01,319.8085921,298.0549845,340.1049859,306.04,219.9386859,310.69,3.665565909090909,4.312172727272727
2017-11-01,324.6814273,302.1812347,342.9967767,312.21,223.0247495,318.17,3.882543181818182,4.553722727272728
2017-12-01,328.1038482,305.7903225,346.1407269,316.48,226.6864757,322.43,3.851164285714286,4.55662381
2018-01-01,329.2031958,308.7652552,348.4820832,319.6,230.1030586,327.69,3.77572500,4.5954204545454544
2018-02-01,332.5196874,311.5835838,351.8315091,328.17,233.6886918,332.56,3.7814250000000005,4.67737750
2018-03-01,336.0257411,315.2868121,354.9581947,333.21,236.6752466,338.5,3.884365909090909,4.7897704545454545
2018-04-01,341.0737765,320.5931227,358.21826,341.88,242.2604496,347.96,4.05768750,4.98829000
2018-05-01,347.18445,325.6544174,361.7912601,354.85,245.7218874,359.91,4.4181136363636355,5.2270045454545455
2018-06-01,358.1338648,330.4888091,366.3731415,365.6,251.3886986,371.27,4.63238500,5.41183250
2018-07-01,360.622078,335.7946443,370.225555,372.06,256.0282593,378.2,4.752281818181817,5.5503113636363635
2018-08-01,369.9117027,344.4880093,374.5797411,396.62,264.7273224,405.85,5.735358333333333,6.612536111111111
2018-09-01,393.3652446,367.07942,384.0657376,439.78,290.7179386,442.36,6.37260500,7.43137250
2018-10-01,400.2731951,373.7282533,388.830148,443.78,293.1219953,443.11,5.86465000,6.74777500
2018-11-01,394.5489862,368.4875623,392.5765155,432.55,280.7341652,429.42,5.3783318181818185,6.111579545454545
2018-12-01,394.6829064,368.1623722,396.2237492,422.94,280.6086976,422.74,5.310907142857143,6.044119047619048
2019-01-01,396.0076299,366.6511773,399.9264067,424.86,280.955214,424.72,5.374231818181818,6.137956818181818
2019-02-01,397.8348257,367.6941024,403.5757245,425.26,282.5082686,427.25,5.26679250,5.98048000
2019-03-01,402.0687494,370.7603556,407.8381487,431.98,283.4414463,434.05,5.446840476190475,6.16352619
2019-04-01,407.6461239,374.8740421,412.5993736,444.85,285.3354971,446.46,5.7409380952380955,6.453338095238095
2019-05-01,412.1911429,379.4213289,417.2408368,456.74,287.1440114,459.29,6.054902272727273,6.773415909090909
2019-06-01,414.3704911,383.0948107,420.9310766,457.16,288.2963691,457.23,5.817167647058824,6.562805882352942
2019-07-01,420.5226876,392.7993232,424.8330044,452.63,301.0541759,453.38,5.677286363636363,6.374870454545455
2019-08-01,425.7031828,393.2061501,428.9627107,449.96,299.4923001,448.82,5.629847222222223,6.261661111111112
2019-09-01,430.183292,397.9643555,434.1709896,450.55,299.7945175,448.58,5.717942857142857,6.299254761904762
2019-10-01,435.245367,402.267414,438.2358085,451.31,300.8628498,448.71,5.78975000,6.391663636363637
2019-11-01,436.9384048,405.4859127,442.4607272,450.97,300.953847,448.52,5.7363880952380955,6.345569047619048
2019-12-01,441.6361563,408.9766965,447.0401458,454.08,302.3848607,452.25,5.842888636363636,6.486722727272728
2020-01-01,443.9687614,410.3597998,446.0990961,462.42,301.3792469,460.6,5.923493181818182,6.580981818181818
2020-02-01,446.3324817,411.4943839,451.0100297,464.64,302.2976682,463.64,6.04992000,6.59984250
2020-03-01,448.8367739,412.988692,455.1723574,468.69,305.9807788,467.87,6.320118181818181,6.995040909090909
2020-04-01,451.6846324,415.0431582,459.0405864,474.69,308.3569949,474.45,6.825102380952381,7.423450000000001
2020-05-01,458.9054545,421.3597689,463.4072021,482.02,313.9283293,482.14,6.958217647058824,7.566320588235294
2020-06-01,465.9767075,429.1865878,469.4151078,485.37,320.1456888,484.61,6.814961363636364,7.669334090909091
2020-07-01,469.9253391,435.7082162,474.9812276,490.33,325.1119499,489.42,6.857273809523809,7.828016666666667
2020-08-01,476.2500191,441.0531604,480.5890836,501.85,329.1533046,503.98,7.25872000,8.58352000
2020-09-01,481.4654174,445.6348802,484.6994917,515.13,335.8027557,518.22,7.514552272727272,8.868727272727273
2020-10-01,488.7146499,452.1100874,490.737208,533.44,340.948823,537.59,7.88097619,9.282059523809524
2020-11-01,499.3831477,460.6563297,496.8396179,555.18,350.4331311,560.85,8.010542857142857,9.46572381
2020-12-01,507.0735298,468.3953499,503.2704419,568.27,356.4120294,575.81,7.728017391304348,9.392628260869564
2021-01-01,510.2242413,473.0926959,495.2128986,583.38,360.3191296,591.51,7.40063000,9.016202499999999
2021-02-01,514.8137571,477.0341532,500.6510537,590.52,364.7830006,600.73,7.0787450000000005,8.56389000
2021-03-01,520.0095958,482.7546859,506.9444062,614.93,370.2438062,626.76,7.635102173913044,9.099521739130434
2021-04-01,527.6490374,488.8747139,514.3067953,641.63,377.0874881,655.28,8.162371428571428,9.742659523809523
2021-05-01,534.3469779,496.3333309,521.3321847,666.79,377.7339672,681.13,8.34976111,10.139788888888889
2021-06-01,546.7611838,507.7491516,529.084595,693.54,388.8586247,706.91,8.604418181818183,10.380559090909092
2021-07-01,558.5855152,518.3238891,538.3180292,710.61,391.5831804,723.64,8.620702941176472,10.201358823529413
2021-08-01,568.6600523,524.4395802,548.2735757,730.28,394.2801325,732.64,8.483338095238096,9.987285714285715
2021-09-01,576.6356846,530.7574125,559.5970354,741.58,402.0343959,744.58,8.519543181818182,10.037609090909092
2021-10-01,587.9658929,541.8070294,571.9824445,780.45,408.5249558,784.56,9.148172500000001,10.61088000
2021-11-01,607.9665157,561.5517427,588.0007924,858.43,422.4136335,859.46,10.532738636363636,12.022222727272727
2021-12-01,692.4016367,642.4610504,627.0757801,1022.25,509.1670501,1021.73,13.540678260869566,15.303350000000002
2022-01-01,758.9423727,699.9720295,647.7089208,1129.03,537.0334184,1125.57,13.531438095238096,15.328590476190476
2022-02-01,794.0112806,726.2572746,670.166799,1210.6,562.3199401,1188.6,13.63339500,15.457757500000001
2022-03-01,835.720133,768.8604231,693.8336504,1321.9,588.4477118,1294.6,14.578726086956522,16.068482608695653
2022-04-01,895.1233095,810.713001,731.0809604,1423.27,610.2684922,1389.75,14.696795238095238,15.946528571428571
2022-05-01,925.5139823,845.3158452,754.2499014,1548.01,627.2762533,1465.68,15.637988888888888,16.543469444444444
2022-06-01,975.3570618,899.4831703,779.0949567,1652.75,641.2312077,1558.51,16.979995454545453,17.975418181818185
2022-07-01,1002.103345,921.913546,806.0917618,1738.21,661.3726618,1604.4,17.403077777777778,17.788891666666665
2022-08-01,1024.861343,945.1800596,836.4379832,1780.05,683.9297798,1651.61,18.011163636363637,18.268654545454545
2022-09-01,1057.033569,972.9746521,870.4234363,1865.09,701.6003602,1695.34,18.29793863636364,18.14502500
2022-10-01,1091.162697,1000.685421,905.825885,2011.13,723.6136903,1749.35,18.581340476190476,18.26620714285714
2022-11-01,1122.712943,1025.169149,942.7184052,2026.08,740.9135621,1784.58,18.60763863636364,18.937504545454544
2022-12-01,1139.390783,1048.406311,980.4575887,2021.19,759.4169938,1825.42,18.65375681818182,19.72244090909091
2023-01-01,1196.408917,1095.074212,1057.436733,2105.17,779.6037364,1918.94,18.774472727272727,20.21390681818182
2023-02-01,1230.540305,1119.991174,1093.438304,2138.04,798.8314532,1969.32,18.84026000,20.21214750
2023-03-01,1256.953869,1142.751755,1119.877645,2147.44,815.195827,2009.08,18.98639347826087,20.307130434782607
2023-04-01,1286.200863,1163.267969,1172.779205,2164.94,835.2148865,2060.19,19.319642105263156,21.167949999999998
2023-05-01,1292.583074,1168.700703,1214.642882,2179.02,863.4986045,2086.22,19.70178095238095,21.444783333333334
2023-06-01,1348.816263,1211.288329,1246.135176,2320.72,884.0236163,2214.51,23.085265789473684,24.966749999999998
2023-07-01,1482.474419,1330.940519,1366.531586,2511.75,950.098582,2419.52,26.446538095238097,29.23039285714286
2023-08-01,1629.884551,1467.23752,1497.373416,2659.6,1027.458599,2550.31,26.974852272727276,29.455199999999998
2023-09-01,1706.37304,1525.048935,1613.948869,2749.98,1062.430015,2628.6,26.965183333333336,28.846440476190477
2023-10-01,1761.49737,1577.963769,1696.204691,2803.29,1095.750048,2689.5,27.82107272727273,29.383195454545454
2023-11-01,1819.562623,1630.30961,1785.775536,2882.04,1123.086177,2750.15,28.61133409090909,30.874731818181818
2023-12-01,1880.172281,1691.448408,1867.537372,2915.02,1157.638324,2805.26,29.048709523809524,31.686364285714284
2024-01-01,1971.324923,1770.137911,2002.875473,3035.59,1193.823816,2951.38,30.02672500,32.783775000000006
2024-02-01,2054.086421,1845.741867,2126.225276,3149.03,1230.328727,3086.11,30.73180000,33.166938095238095
